Game,2002,2003,2004,2005,2006,2007,2008,2009,2010,2011,2012,2013,2014,2015,2016,2017,2018,2019,2020,2021,totalPool
ARMS,,,,,,,,,,,,,,,,3257.1,13297.14,1970.86,789.17,816.5,140915.38999999996
Acceleration of SUGURI 2,,,,,,,,,,,,,,,,,,210.0,100.0,100.0,2870.0
Age of Empires,100.0,625.0,,,289.25,,,880.0,308.0,3727.63,,1716.0,3740.0,12939.0,62321.8,27588.21,41426.72,10960.0,12066.0,994.2,1257772.6700000002
Age of Empires II,92866.0,27697.02,45565.2,40816.91,25332.54,21077.9,15676.44,10134.84,18559.75,10458.41,24942.94,33280.27,54558.71,203606.83,56311.14,99205.43,70953.33,138019.31,382802.2,640539.14,14086830.170000002
Age of Empires III,,,,,4500.0,21900.0,18000.0,2250.0,750.0,,345.0,2145.85,,1995.0,2120.0,3300.0,3750.0,9335.0,10553.0,19419.8,702545.55
Age of Empires IV,,,,,,,,,,,,,,,,,,,,84389.25,590724.75
Age of Empires Online,,,,,,,,,,100.0,,230.0,,,,500.0,1448.0,154.0,1246.56,1605.0,36984.91999999999
Age of Mythology,,55400.0,13328.0,4500.0,,100.0,1020.0,480.0,75.0,500.0,990.0,760.0,4259.0,556.0,5114.0,1876.0,1233.0,2387.0,4527.0,8205.0,737170.0
Aim Gods,,,,,,,,,,,,,,,,,,,250000.0,,1750000.0
Akatsuki Blitzkampf,,,,,,,,,,,,,,,,,,,20.0,,140.0
Among Us,,,,,,,,,,,,,,,,,,,66000.0,20000.0,602000.0
Apex Legends,,,,,,,,,,,,,,,,,,2861382.64,2224649.05,4351007.0,66059270.82999999
Aquapazza: Aquaplus Dream Match,,,,,,,,,,,,,,,160.0,,,85.0,,,1715.0
Arcana Heart 3,,,,,,,,,,1000.0,,,,,,,,,,,7000.0
Arcana Heart 3: LOVE MAX!!!!!,,,,,,,,,,,,,,,210.0,200.0,,,,,2870.0
Arcana Heart 3: Love Max Six Stars!!!!!,,,,,,,,,,,,,,,,,410.0,110.0,50.0,,3990.0
Arena of Valor,,,,,,,,,,,,,,,354141.38,1904369.0,6996116.76,10481395.34,10080778.32,17365745.6,330277824.8000001
Artifact Classic,,,,,,,,,,,,,,,,,48666.35,69272.34,1229.85,210.0,835649.7800000001
Artifact Foundry,,,,,,,,,,,,,,,,,,,774.5,400.0,8221.5
Asphalt 4,,,,,,,17500.0,12000.0,,,,,,,,,,,,,206500.0
Asphalt 9: Legends,,,,,,,,,,,,,,,,,,51520.0,,,360640.0
Assetto Corsa,,,,,,,,,,,,,,,,,15000.0,110003.3,235634.41,273888.54,4441683.75
Assetto Corsa Competizione,,,,,,,,,,,,,,,,,,,5338.0,262943.0,1877967.0
Asuka 120% LimitOver BURNING Fest.,,,,,,,,,,,,,,,,,,,10.0,,70.0
Attack on Titan Tribute Game,,,,,,,,,,,,,139063.53,220200.0,157000.0,380000.0,494250.0,,,,9733594.71
Audio Trip,,,,,,,,,,,,,,,,,,,250.0,400.0,4550.0
Auto Chess,,,,,,,,,,,,,,,,,,1076322.28,60098.0,8400.0,8013741.960000001
Battalion 1944,,,,,,,,,,,,,,,,,78576.62,128078.05,,,1446582.6899999997
Battlefield 2,,,,3148.82,79074.59,6514.86,2976.95,,,,,,,,,,,,,,642006.5399999999
Battlefield 2142,,,,,,18546.14,,,,,,,,,,,,,,,129822.98
Battlefield 3,,,,,,,,,,,25407.46,,,,,,,,,,177852.21999999997
Battlefield 4,,,,,,,,,,,,15408.65,128323.18,83382.97,6070.68,2305.53,10275.45,,,,1720365.22
Battlefield Hardline,,,,,,,,,,,,,,13463.28,,,,,,,94242.96
Battlerite,,,,,,,,,,,,,,,12881.74,23541.71,28750.0,,,,456214.15
Beat Aim,,,,,,,,,,,,,,,,,,,430.0,,3010.0
Big Buck Hunter Arcade,,,,,,,,,,,,,,,,,,76200.0,,,533400.0
Black Squad,,,,,,,,,,,,,,,,,4470.29,4010.43,,,59365.04
Blade & Soul,,,,,,,,,,,,,,103401.12,156182.4,149772.0,,,,,2865488.64
Blaston,,,,,,,,,,,,,,,,,,,,2428.12,16996.839999999997
BlazBlue: Calamity Trigger,,,,,,,,35.0,,,,,,,,,,,,,245.0
BlazBlue: Central Fiction,,,,,,,,,,,,,,,2836.51,28760.0,7523.06,39752.85,3296.84,807.65,580838.3699999999
BlazBlue: Chronophantasma,,,,,,,,,,,,,36535.0,485.58,,,,,,,259144.06000000006
BlazBlue: Chronophantasma Extend,,,,,,,,,,,,,,944.21,3974.56,,,,,,34431.39
BlazBlue: Continuum Shift Extend,,,,,,,,,,,,0.0,,,,,,,,,0.0
BlazBlue: Continuum Shift II,,,,,,,,,,7591.43,16999.58,,,,,,,,,,172137.07000000004
BlazBlue: Cross Tag Battle,,,,,,,,,,,,,,,,,19463.33,62376.7,14026.79,210.0,672537.74
Bloodline Champions,,,,,,,,,,20000.0,21450.0,,,,455.32,,,,,,293337.24
Borderlands 3,,,,,,,,,,,,,,,,,,50000.0,,,350000.0
Brawl Stars,,,,,,,,,,,,,,,,,,288700.0,1056250.0,1213000.0,17905650.0
Brawlhalla,,,,,,,,,,,,,,3710.0,78931.09,170667.7,297604.7,523239.0,595811.6,684407.0,16480597.629999999
Breakers Revenge,,,,,,,,,,,,,,,,,,,16.0,,112.0
Call of Duty,,,50000.0,629.77,4170.0,,,,,,,,,,,,,,,,383598.39
Call of Duty 2,,,,,31249.28,29089.98,,4401.02,,,1014.32,,,,,1073.91,,,,,467799.57000000007
Call of Duty 4: Modern Warfare,,,,,,6273.0,218907.09,109724.84,39665.91,19730.91,16525.03,5850.23,6028.93,2703.33,,,,,,,2977864.89
Call of Duty: Advanced Warfare,,,,,,,,,,,,,126947.81,2484861.12,,,,,,,18282662.51
Call of Duty: Black Ops,,,,,,,,,,376553.48,240.0,,,,,,,,,,2637554.36
Call of Duty: Black Ops 2,,,,,,,,,,,29997.95,1432141.3,,5000.0,,,,,12000.0,,10353974.75
Call of Duty: Black Ops 4,,,,,,,,,,,,,,,,,321249.95,6383189.0,30000.0,,47141072.650000006
Call of Duty: Black Ops Cold War,,,,,,,,,,,,,,,,,,,256000.0,6043000.0,44093000.0
Call of Duty: Black Ops III,,,,,,,,,,,,,,77597.45,3862185.84,,,,,,27578483.029999997
Call of Duty: Blackout,,,,,,,,,,,,,,,,,315000.0,296608.35,,,4281258.45
Call of Duty: Ghosts,,,,,,,,,,,,68749.3,1525435.95,,,,,,,,11159296.75
Call of Duty: Infinite Warfare,,,,,,,,,,,,,,,125020.99,4031184.07,,,,,29093435.419999998
Call of Duty: Mobile,,,,,,,,,,,,,,,,,,,,3057280.0,21400960.0
Call of Duty: Modern Warfare,,,,,,,,,,,,,,,,,,348612.5,7152172.0,,52505491.5
Call of Duty: Modern Warfare 2,,,,,,,,4211.84,95448.8,10000.0,,,,,1700.0,3500.0,,,2500.0,,821524.48
Call of Duty: Modern Warfare 3,,,,,,,,,,1006015.34,154800.32,,,,,,,,,,8125709.62
Call of Duty: Vanguard,,,,,,,,,,,,,,,,,,,,636500.0,4455500.0
Call of Duty: WWII,,,,,,,,,,,,,,,,272354.31,4287916.69,,,,31921897.0
Call of Duty: Warzone,,,,,,,,,,,,,,,,,,,2826407.12,6156202.01,62878263.90999998
Capcom vs. SNK,,,,,,,,,140.0,,,,,,,,,,,,980.0
Capcom vs. SNK 2,0.0,0.0,0.0,0.0,10250.0,10250.0,1450.0,,,,,,445.0,61.79,,610.0,150.0,790.0,240.0,,169727.53000000003
Carom 3D,,,,,,20000.0,17500.0,12000.0,11000.0,,,,,,,,,,,,423500.0
Catherine,,,,,,,,,,,,,,,270.0,570.0,450.0,180.0,75.0,,10815.0
Catherine: Full Body,,,,,,,,,,,,,,,,,,185.0,,,1295.0
Cave Digger 2,,,,,,,,,,,,,,,,,,,,750.0,5250.0
Chaos Code: New Sign of Catastrophe,,,,,,,,,,,,,,,,140.0,,,,,980.0
Chess.com,,,,,,,,,,,,,2999.99,20859.98,23859.98,22704.95,120424.01,99858.11,790281.92,867875.39,13642050.31
Chex Quest,,,,,,,,,,,,,,,,,,,,100.0,700.0
Clash Royale,,,,,,,,,,,,,,,228859.56,876496.34,986262.37,1047130.0,224600.0,,23543437.89
Clash of Clans,,,,,,,,,,,,,,,,1576.87,,1455727.0,1177609.0,93965.0,19102145.090000004
ComPet,,,,,,,,,,,,,,,,2000.0,,,,,14000.0
Command & Conquer 3,,,,,,24901.26,28185.41,,,,,,,,,,,,,,371606.68999999994
Company of Heroes 2,,,,,,,,,,,,,,,,3556.22,4400.0,605.0,,,59928.54
Counter-Strike,400994.88,821957.99,902651.67,1354441.43,2138622.7,1636886.38,1681708.06,1354652.7,1458931.05,879914.71,547584.85,10080.0,1500.0,,,,,,,,92329484.94
Counter-Strike Online,,,,,,,,,,,106108.0,142193.6,78688.0,40000.0,40000.0,,,,,,2848927.2
Counter-Strike: Condition Zero,,,162150.6,,,,,,,,,,,,,,,,,,1135054.2
Counter-Strike: Global Offensive,,,,,,,,,,,222538.77,1211869.54,1962515.01,6284970.14,17266132.5,19280215.27,23321594.34,22230830.12,15959049.05,21186887.38,902486214.8399999
Counter-Strike: Source,,,,150546.22,177710.53,840896.6,871999.5,247039.65,351448.47,261943.4,214637.92,,,,,,,1000.0,,,21820556.029999997
Crab Game,,,,,,,,,,,,,,,,,,,,750.0,5250.0
Creative Destruction,,,,,,,,,,,,,,,,,100000.0,,,,700000.0
Critical Ops,,,,,,,,,,,,,,,,10106.41,2500.0,,,,88244.87000000001
CrossFire,,,,,,,,,23000.0,34000.0,60774.96,270618.52,522638.43,500714.08,887159.96,1519054.74,1074640.06,1014147.75,2075733.89,1938654.5,69447958.23
Crysis,,,,,,8364.0,2976.95,,,,,,,,,,,,,,79386.65
Cultris II,,,,,,,,,,,,,,,,,,,190.95,,1336.65
DOOMBRINGER,,,,,,,,,,,,,,,,,,,,567.77,3974.39
Day of Defeat,,880.41,10000.0,30000.0,10300.0,,,,,,,,,,,,,,,,358262.87
Day of Defeat: Source,,,,,,996.07,2285.82,7717.64,3069.04,,,,,,,,,,,,98479.99000000002
Dead By Daylight,,,,,,,,,,,,,,,,,,15000.0,45000.0,,420000.0
Dead or Alive 4,,,,,53050.0,254986.85,189708.46,,,,,,,,,,,,,,3484217.17
Dead or Alive 5,,,,,,,,,,,0.0,,,,,,,,,,0.0
Dead or Alive 5 Ultimate,,,,,,,,,,,,0.0,0.0,,,,,,,,0.0
Dead or Alive 5: Last Round,,,,,,,,,,,,,,3709.24,1934.58,9530.0,240.0,,,,107896.74000000002
Dead or Alive 6,,,,,,,,,,,,,,,,,,72206.54,410.0,310.0,510485.7799999999
Dead or Alive Ultimate,,,,30000.0,,,,,,,,,,,,,,,,,210000.0
Def Jam: Fight for NY,,,,,,,,,,,,,,,,,,,170.0,20.0,1330.0
Defense of the Ancients,,,,1736.36,738.83,35076.49,81556.24,124530.2,158306.3,244082.84,205438.37,5955.02,,,,,,,,,6001944.550000001
Dengeki Bunko: Fighting Climax,,,,,,,,,,,,,,60.0,,,,,,,420.0
Dengeki Bunko: Fighting Climax Ignition,,,,,,,,,,,,,,,662.3,390.0,450.0,1395.0,305.5,650.0,26969.6
Diabotical,,,,,,,,,,,,,,,,,,,103859.92,88873.77,1349135.8299999998
Digimon Rumble Arena,,,,,,,,,,,,,,,,,,,70.0,130.0,1400.0
Dirt Rally 2.0,,,,,,,,,,,,,,,,,,,10000.0,20000.0,210000.0
Divekick,,,,,,,,,,,,2360.0,1700.0,1110.0,180.0,240.0,250.0,,,,40880.0
Doom (2016),,,,,,,,,,,,,,,,7000.0,,,,,49000.0
Doom 3,,,207748.16,50000.0,,,,,,,,,,,,,,,,,1804237.1199999999
Doom II: Hell on Earth,,,,,,,,,,,,1000.0,,,,,,1200.0,2480.0,428.56,35759.920000000006
Dota 2,,,,,,,,,,1672268.08,2087094.85,4548280.98,16608030.59,31050786.86,37464419.92,38074599.32,41504756.85,47055308.77,9537729.21,47790065.28,1941753384.9700003
Dota Underlords,,,,,,,,,,,,,,,,,,22635.68,3388.5,,182169.25999999998
Dragon Ball FighterZ,,,,,,,,,,,,,,,,,132741.37,124052.77,94116.31,11548.32,2537211.39
Dragon Ball Z: Budokai 3,,,,,,,,,,,,204.06,,,,,,,,,1428.4199999999998
Duck Game,,,,,,,,,,,,,,,,,,,250.0,500.0,5250.0
Enemy Territory: Quake Wars,,,,,,56273.0,4650.12,,,,,,,,,,,,,,426461.84
Escape from Tarkov,,,,,,,,,,,,,,,,,,,114600.0,,802200.0
Eternal Fighter Zero,,,,,,,,,,,,,,,,,,,1311.6,,9181.2
Evolve,,,,,,,,,,,,,,131509.05,,,,,,,920563.3500000001
F.E.A.R.,,,,,,60000.0,118000.0,,,,,,,,,,,,,,1246000.0
F1 2018,,,,,,,,,,,,,,,,,200000.0,,,,1400000.0
F1 2019,,,,,,,,,,,,,,,,,,500000.0,38047.38,,3766331.6599999997
F1 2020,,,,,,,,,,,,,,,,,,,751947.0,288.0,5265645.0
F1 2021,,,,,,,,,,,,,,,,,,,,750000.0,5250000.0
FIFA 03,,54066.44,,,,,,,,,,,,,,,,,,,378465.08
FIFA 04,,0.0,40000.0,,,,,,,,,,,,,,,,,,280000.0
FIFA 05,,,0.0,57728.01,,,,,,,,,,,,,,,,,404096.07
FIFA 06,,,,26694.54,85769.99,,,,,,,,,,,,,,,,787251.7100000001
FIFA 07,,,,,27300.0,211012.23,,,,,,,,,,,,,,,1668185.61
FIFA 08,,,,,,3136.5,201433.25,2560.19,,,,,,,,,,,,,1449909.5799999998
FIFA 09,,,,,,,,118886.69,2731.65,,,,,,,,,,,,851328.3799999999
FIFA 10,,,,,,,,,117026.71,,,,,,,,,,,,819186.97
FIFA 11,,,,,,,,,3802.85,90180.92,,,,,,,,,,,657886.39
FIFA 12,,,,,,,,,,1761.0,52670.52,,,,,,,,,,381020.64
FIFA 13,,,,,,,,,,,17123.27,441304.55,,,,,,,,,3208994.7399999998
FIFA 14,,,,,,,,,,,,28687.53,67660.28,,,,,,,,674434.6699999999
FIFA 15,,,,,,,,,,,,,14808.9,129565.09,,,,,,,1010617.9299999999
FIFA 16,,,,,,,,,,,,,,22133.61,95694.5,,,,,,824796.77
FIFA 17,,,,,,,,,,,,,,,30305.99,1452306.64,,,,,10378288.41
FIFA 18,,,,,,,,,,,,,,,,44545.55,2189152.14,,,,15635883.829999998
FIFA 19,,,,,,,,,,,,,,,,,551731.35,2694410.99,,,22722996.380000003
FIFA 20,,,,,,,,,,,,,,,,,,476358.96,2130308.14,,18246669.7
FIFA 2002 World Cup,43000.0,,,,,,,,,,,,,,,,,,,,301000.0
FIFA 21,,,,,,,,,,,,,,,,,,,100000.0,2145134.53,15715941.709999997
FIFA 22,,,,,,,,,,,,,,,,,,,,30339.76,212378.32
FIFA Online 3,,,,,,,,,,,,,98176.25,358301.71,835082.4,408869.99,237112.5,,,,13562799.95
FIFA Online 4,,,,,,,,,,,,,,,,,275837.1,553615.95,581500.78,812685.96,15565478.529999997
Faeria,,,,,,,,,,,,,,,,,4100.0,,,,28700.0
Fall Guys,,,,,,,,,,,,,,,,,,,284273.83,50000.0,2339916.81
Fantasy Strike,,,,,,,,,,,,,,,,,,,3860.0,1939.8,40598.600000000006
Farming Simulator 19,,,,,,,,,,,,,,,,,,106133.1,189253.45,276447.33,4002837.16
Fight of Animals,,,,,,,,,,,,,,,,,,,580.68,50.0,4414.759999999999
Fighter's History Dynamite,,,,,,,,,,,,,,,,,,195.0,,,1365.0
Fighting EX Layer,,,,,,,,,,,,,,,,,1260.0,372.96,10.0,,11500.719999999998
Fortnite,,,,,,,,,,,,,,,,,19918737.0,72800079.01,9009166.74,17504308.3,834626037.3499999
Forza Motorsport 2,,,,,15000.0,,207000.0,,,,,,,,,,,,,,1554000.0
Forza Motorsport 3,,,,,,,,,11000.0,,,,,,,,,,,,77000.0
Forza Motorsport 4,,,,,,,,,,,132.37,,,,,,,,,,926.59
Forza Motorsport 6,,,,,,,,,,,,,,,39850.0,132750.0,,,,,1208200.0
Forza Motorsport 7,,,,,,,,,,,,,,,,,255000.0,366200.0,199000.0,,5741400.0
Free Fire,,,,,,,,,,,,,,,,,,808109.12,1039947.51,3235752.6,35586664.61
GRID (2019),,,,,,,,,,,,,,,,,,218.75,,,1531.25
Garou: Mark of the Wolves,,,,,,,,,,,,,,,,,108.71,225.0,325.0,,4610.97
Gears 5,,,,,,,,,,,,,,,,,,560000.0,1223000.0,,12481000.0
Gears of War,,,,,,170900.77,66974.5,,10193.3,4127.0,,,,,,,,,,,1765368.99
Gears of War 2,,,,,,,,60000.0,75000.0,,,,,,,,,,,,945000.0
Gears of War 3,,,,,,,,,,,4555.81,,,2700.0,,,,,,,50790.67
Gears of War 4,,,,,,,,,,,,,,,501285.0,1064000.0,1022000.0,500000.0,,,21610995.0
Gears of War: Ultimate Edition,,,,,,,,,,,,,,,170000.0,,,,,,1190000.0
Ghost Recon Advanced Warfighter,,,,,24000.0,,,,,,,,,,,,,,,,168000.0
Golf With Your Friends,,,,,,,,,,,,,,,,,,,,19400.0,135800.0
Gran Turismo 3: A-Spec,,1500.0,1750.0,,,,,,,,,,,,,,,,,,22750.0
Gran Turismo 4,,,,12000.0,32000.0,,,,,,,,,,,,,,,,308000.0
Gran Turismo Sport,,,,,,,,,,,,,,,,,10080.0,14100.0,3331.0,2511.56,210157.92
Granblue Fantasy: Versus,,,,,,,,,,,,,,,,,,,106280.94,54362.38,1124503.2400000002
Grey Goo,,,,,,,,,,,,,,6000.0,30400.0,,,,,,254800.0
Guild Wars 2,,,,,,,,,,,,,60075.36,115930.14,300000.0,,,,,,3332038.5
Guilty Gear,,,,,,,,,,,,,,,,,,32.0,,,224.0
Guilty Gear -STRIVE-,,,,,,,,,,,,,,,,,,,,89280.62,624964.34
Guilty Gear XX,,0.0,0.0,,,,,,,,,,,,,,,,,,0.0
Guilty Gear XX #Reload,,,,0.0,,,,,,,,,,,,,,,,,0.0
Guilty Gear XX Accent Core,,,,,,10250.0,80.0,35.0,,,,,,,,,,,,,72555.0
Guilty Gear XX Accent Core Plus,,,,,,,,0.0,,,,,,,,,,,,,0.0
Guilty Gear XX Accent Core Plus R,,,,,,,,,,,,,440.0,120.0,870.0,660.0,930.0,1220.0,3576.91,5985.23,96614.98
Guilty Gear XX Slash,,,,,10250.0,,,,,,,,,,,,,,,,71750.0
Guilty Gear Xrd -REVELATOR-,,,,,,,,,,,,,,,28899.49,7537.94,,,,,255062.00999999998
Guilty Gear Xrd -SIGN-,,,,,,,,,,,,,,30335.66,7110.0,,,,,,262119.62000000002
Guilty Gear Xrd REV 2,,,,,,,,,,,,,,,,30360.0,22557.64,61006.37,7134.0,218.36,848934.5900000001
Guitar Hero 5,,,,,,,,,10500.0,,,,,,,,,,,,73500.0
Guitar Hero III: Legends of Rock,,,,,,,19000.0,,,,,,,,,,,,,,133000.0
Gundam Versus,,,,,,,,,,,,,,,,280.0,,,,,1960.0
Guns of Boom,,,,,,,,,,,,,,,,,133950.0,64800.0,,,1391250.0
Gwent,,,,,,,,,,,,,,,,302988.98,441568.19,25000.0,186720.0,394165.0,9453095.19
Gym Masters VR,,,,,,,,,,,,,,,,,,,,500.0,3500.0
H1Z1,,,,,,,,,,,,,,173328.0,267244.0,1551550.0,75000.0,,,,14469854.0
HYPERFIGHT,,,,,,,,,,,,,,,,,,,50.0,90.0,980.0
Halo 2,,,,197850.0,618050.0,673462.47,,,,,,,,,,,,,,137400.0,11387337.290000001
Halo 2 Anniversary,,,,,,,,,,,,,90037.6,378667.45,,,,,,,3280935.3499999996
Halo 3,,,,,,100000.0,688924.67,234900.71,798113.79,,,,10140.23,,,,800.0,335200.0,,150000.0,16226555.8
Halo 4,,,,,,,,,,,40000.0,371798.76,18950.0,,,,,,,,3015241.3199999994
Halo 5: Guardians,,,,,,,,,,,,,,28490.94,3411240.03,1748000.0,1873750.0,,,34000.0,49668366.79
Halo Infinite,,,,,,,,,,,,,,,,,,,,101000.0,707000.0
Halo: Combat Evolved,5000.0,107150.0,183456.0,3675.0,,,,,,,,,,,,,,,,,2094967.0
Halo: Reach,,,,,,,,,14000.0,593521.98,64567.99,,,,,,,50000.0,50000.0,,5404629.789999999
Hand of the Gods,,,,,,,,,,,,,,,,44400.0,50000.0,34.2,,,661039.3999999999
Hearthstone,,,,,,,,,,,,1395.34,1123245.18,2372583.73,3472413.46,3484329.57,4717852.27,4786421.97,4277232.82,2939891.92,190227563.81999996
Hearthstone Battlegrounds,,,,,,,,,,,,,,,,,,,203630.0,,1425410.0
Heavy Metal Machines,,,,,,,,,,,,,,,,12339.33,,,,,86375.31
Heroes of Newerth,,,,,,,,,45064.9,153840.35,341962.28,653370.1,486110.24,810839.41,246433.55,117046.61,64039.12,,,,20430945.919999994
Heroes of the Storm,,,,,,,,,,,,,14257.5,2470686.83,4663149.1,5444449.54,5277279.76,316914.92,6745.0,86524.0,127960046.55000003
Hokuto no Ken,,,,,,,,,,,,,,,,,,145.0,,,1015.0
Hyper Scape,,,,,,,,,,,,,,,,,,,299000.0,,2093000.0
Hyper Street Fighter II,,,,,10250.0,,,,,,,,,,,,,,,,71750.0
Identity V,,,,,,,,,,,,,,,,,,,31911.1,,223377.7
Injustice 2,,,,,,,,,,,,,,,,675188.93,160648.23,1610.0,,,5862130.12
Injustice: Gods Among Us,,,,,,,,,,,,18906.89,14900.0,870.0,500.0,,,,,,246238.23000000004
Internet Chess Club,,,,,,,,,,,,,,,,,,,10000.0,,70000.0
JoJo's Bizarre Adventure: Heritage for the Future,,,,,,,,,,,,,,,,,,,284.99,40.0,2274.9300000000003
Jstris,,,,,,,,,,,,,,,,,,,225.0,50.0,1925.0
Just Dance 2014,,,,,,,,,,,,,0.0,,,,,,,,0.0
KartRider,,,,,,,,,51240.0,54123.0,53139.0,27570.0,106712.0,54188.0,144234.0,76160.35,,,,,3971564.45
Kill la Kill the Game: IF,,,,,,,,,,,,,,,,,,700.0,220.0,,6440.0
Killer Instinct (2013),,,,,,,,,,,,,22399.8,83227.57,55479.59,44040.0,17770.0,1500.0,50.0,520.0,1574908.72
King of Fighters 2002 Unlimited Match,,,,,,,,,,,,,,,380.0,,,,380.0,,5320.0
King of Fighters 98,,,,,,,,,,,,,,,,,,7945.57,,,55618.99
King of Fighters XI,,,,,,,,25.0,,,,,,,,,,,,,175.0
King of Fighters XIII,,,,,,,,,,,21995.0,5510.0,14444.4,1460.31,834.57,,,,480.0,,313069.95999999996
King of Fighters XIV,,,,,,,,,,,,,,,5318.49,24978.67,10469.23,32365.7,1270.0,,520814.6299999999
Kirby Fighters 2,,,,,,,,,,,,,,,,,,,222.86,,1560.0200000000004
Koihime Enbu,,,,,,,,,,,,,,,250.0,190.0,590.0,585.0,50.0,100.0,12355.0
League of Legends,,,,,,,,,27942.64,526574.51,4287209.14,6226259.63,8068170.99,7718307.16,10529309.95,12249287.22,14599015.39,9638854.74,8645363.76,8119515.23,634450672.5200001
League of Legends: Wild Rift,,,,,,,,,,,,,,,,,,,,1567092.59,10969648.13
Legend of Glory,,,,,,,,,,,,,,472.66,,,,,,,3308.62
Legends of Runeterra,,,,,,,,,,,,,,,,,,,118481.03,201700.0,2241267.21
Lemnis Gate,,,,,,,,,,,,,,,,,,,,572.86,4010.0200000000004
Lethal League Blaze,,,,,,,,,,,,,,,,,11.4,2422.5,2910.02,300.0,39507.439999999995
Lichess,,,,,,,,,,,,,,,,1100.0,15325.0,13600.0,1140686.93,39750.0,8473233.51
Live for Speed,,2491.62,0.0,2823.77,1895.48,2008.27,,,,,,,,,,,,,2380.0,,81193.98
MOBA Legends,,,,,,,,,,,,,,,225.0,,,,,,1575.0
Mad Skills Motocross 2,,,,,,,,,,,,,,,,20163.0,,,,,141141.0
Madden NFL 19,,,,,,,,,,,,,,,,,25000.0,100000.0,,,875000.0
Madden NFL 2004,,1500.0,,,,,,,,,,,,,,,,,,,10500.0
Madden NFL 2006,,,,,100000.0,,,,,,,,,,,,,,,,700000.0
Madden NFL 2007,,,,,,100000.0,,,,,,,,,,,,,,,700000.0
Madden NFL 2008,,,,,,100000.0,,,,,,,,,,,,,,,700000.0
Madden NFL 2009,,,,,,,100000.0,,,,,,,,,,,,,,700000.0
Madden NFL 2013,,,,,,,,,,,,400000.0,,,,,,,,,2800000.0
Madden NFL 2016,,,,,,,,,,,,,,,50000.0,,,,,,350000.0
Madden NFL 2017,,,,,,,,,,,,,,,100000.0,904000.0,,,,,7028000.0
Madden NFL 2018,,,,,,,,,,,,,,,,20676.62,259000.0,,,,1957736.3400000003
Magic: The Gathering Arena,,,,,,,,,,,,,,,,,10000.0,4402000.0,2076000.0,2000000.0,59416000.0
Magic: The Gathering Online,,,,,,,,50000.0,100000.0,100000.0,,116000.0,116000.0,116000.0,104000.0,116000.0,200000.0,200000.0,,,8526000.0
Magical Drop III,,,,,,,,,,,,,,,,,,,130.0,,910.0
Maiden & Spell,,,,,,,,,,,,,,,,,,,200.0,125.0,2275.0
Mario Kart 8 Deluxe,,,,,,,,,,,,,,,,,220.0,279.44,1305.0,1700.0,24531.079999999998
Mario Tennis Aces,,,,,,,,,,,,,,,,,,51.3,10.0,,429.1
Marvel vs. Capcom 2,0.0,0.0,0.0,0.0,10250.0,10250.0,2610.0,90.0,130.0,15000.0,,,200.0,0.0,100.0,,,420.0,10.0,,273420.0
Marvel vs. Capcom 3,,,,,,,,,,22144.33,,,,,199.29,,,,,,156405.34
Marvel vs. Capcom: Infinite,,,,,,,,,,,,,,,,67750.0,5952.12,2010.0,544.6,,533797.0399999999
MechWarrior Online,,,,,,,,,,,,,,,143490.0,,,,,,1004430.0
Melty Blood: Actress Again,,,,,,,,,0.0,,,,,0.0,,,,,,,0.0
Melty Blood: Actress Again Current Code,,,,,,,,,,,,,,,700.0,810.0,1630.0,2605.0,3784.93,1250.0,75459.51000000001
Melty Blood: Type Lumina,,,,,,,,,,,,,,,,,,,,2004.59,14032.13
Metal Gear Online,,,,,,,,,,,,,,,8000.0,,,,,,56000.0
Microsoft Excel,,,,,,,,,,,,,,,,,,,,2300.0,16100.0
Mighty Fight Federation,,,,,,,,,,,,,,,,,,,,100.0,700.0
Million Arthur: Arcana Blood,,,,,,,,,,,,,,,,,,7530.0,10.0,,52780.0
Minecraft,,,,,,,,,,,,,,,,,4839.15,130000.0,294700.0,,3006774.05
Mobile Legends: Bang Bang,,,,,,,,,,,,,,,,,,211000.0,288500.0,1909400.0,16862300.0
Mobile Suit Gundam: Extreme Vs Maxi Boost ON,,,,,,,,,,,,,,,,,,,,420.0,2940.0
Mordhau,,,,,,,,,,,,,,,,,,16623.0,,,116361.0
Mortal Kombat 11,,,,,,,,,,,,,,,,,,309234.68,182259.57,54912.63,3824848.1599999997
Mortal Kombat 9,,,,,,,,,,29501.67,101300.0,2640.0,0.0,190.0,,,3260.0,,,,958241.6899999997
Mortal Kombat X,,,,,,,,,,,,,,232922.43,290129.99,,,480.0,,,3664726.94
Mortal Kombat XL,,,,,,,,,,,,,,,100941.39,24002.4,4120.0,140.0,,5000.0,939426.5300000001
Mortal Kombat vs. DC Universe,,,,,,,,,,0.0,,,,,,,,,,,0.0
Multigaming,,,,,,,,,200000.0,,,,,,,,,89274.63,59109.7,96473.0,3114001.31
Mystery Game Tournament,,,,,,,,,,,,,,,,2480.0,2560.0,4035.0,1920.0,,76965.0
Mythgard,,,,,,,,,,,,,,,,,,,,3000.0,21000.0
NASCAR Heat 4,,,,,,,,,,,,,,,,,,,200500.0,,1403500.0
NASCAR Thunder 2002,7679.25,,,,,,,,,,,,,,,,,,,,53754.75
NASCAR Thunder 2003,,5933.5,,,,,,,,,,,,,,,,,,,41534.5
NBA 2K18,,,,,,,,,,,,,,,,,1000000.0,,,,7000000.0
NBA 2K21,,,,,,,,,,,,,,,,,,,501.0,,3507.0
NHL '94,,,,,,,,,,,,,,2691.2,806.16,321.2,,,,,26729.91999999999
NHL 12,,,,,,,,,,,702.93,,,,,,,,,,4920.51
NHL 13,,,,,,,,,,,,70000.0,,,,,,,,,490000.0
NHL 14,,,,,,,,,,,,,3023.96,,,,,,,,21167.719999999998
NHL 15,,,,,,,,,,,,,,3157.16,,,,,,,22100.12
NHL 18,,,,,,,,,,,,,,,,,102700.0,,,,718900.0
NHL 19,,,,,,,,,,,,,,,,,2866.67,19700.0,,,157966.69
Naruto Shippuden: Ultimate Ninja Storm 4,,,,,,,,,,,,,,,2000.0,,,2550.0,,,31850.0
Naruto: Gekitou Ninja Taisen! 4,,,,,,,,,,,,,,,,,,,200.0,,1400.0
Nascar Heat 5,,,,,,,,,,,,,,,,,,,2500.0,3625.0,42875.0
Need for Speed Carbon,,,,,,36322.58,,,,,,,,,,,,,,,254258.06000000006
Need for Speed: Most Wanted,,,,694.54,35000.0,,,,,,,,,,,,,,,,249861.78000000003
Need for Speed: ProStreet,,,,,,,32208.46,,,,,,,,,,,,,,225459.21999999997
Need for Speed: Shift,,,,,,,,,10500.0,,,,,,,,,,,,73500.0
Need for Speed: Underground,,,35000.0,,,,,,,,,,,,,,,,,,245000.0
Need for Speed: Underground 2,,,,35629.48,,,,,,,,,,,,,,,,,249406.36000000004
Ninja Legends,,,,,,,,,,,,,,,,,,,,1000.0,7000.0
Nitroplus Blasterz: Heroines Infinite Duel,,,,,,,,,,,,,,464.0,1380.0,,,150.0,,,13958.0
Old School Runescape,,,,,,,,,,,,,,,40000.0,122000.0,156500.0,97000.0,9004.2,13000.0,3062529.4000000004
Overwatch,,,,,,,,,,,,,,3320.0,1996942.76,3488230.1,6615791.65,9587036.77,6590561.0,5613680.0,237268935.96
PLAYERUNKNOWN'S BATTLEGROUNDS Mobile,,,,,,,,,,,,,,,,,617069.08,3832260.59,7827754.15,19440673.4,222024300.54
PLAYERUNKNOWN’S BATTLEGROUNDS,,,,,,,,,,,,,,,,1007803.6,8342616.32,11327221.08,6456027.32,16031339.09,302155051.87
Painkiller,,,55000.0,960000.0,,,,,,,,,,,,,,,,,7105000.0
Paladins,,,,,,,,,,,,,,,104000.0,407826.63,1029100.0,550000.0,393630.97,5500.0,17430403.199999996
Panel Attack,,,,,,,,,,,,,,,,,,,40.0,100.0,980.0
Persona 4 Arena,,,,,,,,,,,476.63,5040.0,820.0,,,,,,,,44356.409999999996
Persona 4 Arena Ultimax,,,,,,,,,,,,,0.0,16528.16,1250.0,490.0,120.0,560.0,,,132637.12
Pistol Whip,,,,,,,,,,,,,,,,,,,7500.0,,52500.0
Playchess.com,,,,,,,,,,,,,,,,,,,32866.58,,230066.06000000006
Pocket Rumble,,,,,,,,,,,,,,,,,,,60.0,125.0,1295.0
Point Blank,,,,,,,,,,,64500.0,48000.0,78000.0,158097.75,148000.0,171570.0,99000.0,,,,5370174.25
Pokkén Tournament,,,,,,,,,,,,,,,40381.66,36635.0,,,,200.0,540516.6200000001
Pokkén Tournament DX,,,,,,,,,,,,,,,,7789.0,3181.4,8218.57,2936.43,,154877.8
Pokémon VGC,,,,,,,,,,,,,,,,113000.0,98500.0,,102.0,,1481214.0
Power Instinct: Matrimelee,,,,,,,,,,,,,,,,,,,50.0,40.0,630.0
Power Rangers: Battle for the Grid,,,,,,,,,,,,,,,,,,1150.0,640.0,2920.6,32974.2
Power Rangers: Legacy Wars,,,,,,,,,,,,,,,,4178.55,,,,,29249.85
Pro Evolution Soccer 2008,,,,,,,2084.15,,,,,,,,,,,,,,14589.05
Pro Evolution Soccer 2009,,,,,,,,713.06,682.91,,,,,,,,,,,,9771.789999999997
Pro Evolution Soccer 2014,,,,,,,,,,,,,29410.25,,,,,,,,205871.75
Pro Evolution Soccer 2015,,,,,,,,,,,,,,26544.76,,,,,,,185813.32
Pro Evolution Soccer 2016,,,,,,,,,,,,,,,27243.84,,,,,,190706.88
Pro Evolution Soccer 2017,,,,,,,,,,,,,,,4697.71,510000.0,,,,,3602883.97
Pro Evolution Soccer 2018,,,,,,,,,,,,,,,,,250000.0,,,,1750000.0
Pro Evolution Soccer 2019,,,,,,,,,,,,,,,,,,216000.0,,,1512000.0
Pro Evolution Soccer 3,,,25000.0,,,,,,,,,,,,,,,,,,175000.0
Pro Evolution Soccer 4,,,,40550.64,,,,,,,,,,,,,,,,,283854.48000000004
Pro Evolution Soccer 5,,,,,32000.0,,,,,,,,,,,,,,,,224000.0
Pro Evolution Soccer 6,,,,,,20216.82,,,,,,,,,,,,,,,141517.74000000002
Project Cars,,,,,,,,,,,,,,2190.0,33455.0,32620.21,,,,,477856.46999999986
Project Cars 2,,,,,,,,,,,,,,,,,33750.0,32400.0,,,463050.0
Project Gotham Racing 2,,,35000.0,0.0,,,,,,,,,,,,,,,,,245000.0
Project Gotham Racing 3,,,,,72300.0,224986.85,,,,,,,,,,,,,,,2081007.9500000002
Project Gotham Racing 4,,,,,,,25208.46,,,,,,,,,,,,,,176459.21999999997
Project Justice,,,,,,,,,,,,,,,,,,165.0,,,1155.0
Project M,,,,,,,,,,225.0,751.81,8815.48,53150.21,57236.28,38048.66,25890.48,13056.56,8117.61,,,1437044.6300000001
Project Plus,,,,,,,,,,,,,,,,,,,20.0,175.0,1365.0
Prophecy,,,,,,,,,,,,,,,,,,,13000.0,,91000.0
Punch Planet,,,,,,,,,,,,,,,,,,,300.0,100.0,2800.0
Puyo Puyo Champions,,,,,,,,,,,,,,,,,,2071.8,410.5,,17376.1
Puyo Puyo Tetris,,,,,,,,,,,,,,,,240.0,466.67,911.08,1805.09,,23959.88
Puyo Puyo Tetris 2,,,,,,,,,,,,,,,,,,,,896.02,6272.140000000001
Quake 4,,,,51780.7,359839.0,146558.81,,,,,,,,,,,,,,360.76,3909774.89
Quake Champions,,,,,,,,,,,,,,,,1482852.31,651250.4,72186.51,302899.03,251607.45,19325569.9
Quake II,,,,20000.0,,,,,,,,,,,,10000.0,379.5,1200.0,,246.48,222781.86000000002
Quake III Arena,102206.4,95463.46,111500.0,57160.44,83813.76,5789.26,65619.7,10591.18,,,,,,,,,,,,8742.45,3786206.5499999993
Quake Live,,,,,,,25000.0,79946.08,177411.41,125267.32,71284.81,50733.15,64563.87,49091.89,28002.76,10492.75,500.0,,,1185.08,4784353.84
QuakeWorld,,,,,,,2775.07,,,,255.66,,,55.09,25000.0,5000.0,1042.22,1200.0,4168.0,299.97,278572.07
RaceRoom Racing Experience,,,,,,,,,,,,,,,,,27768.7,53160.0,87510.0,62997.5,1620053.4
Radical Heights,,,,,,,,,,,,,,,,,120000.0,,,,840000.0
Rage,,,,,,,,,,,,,,,,5000.0,,,,,35000.0
Rainbow Six Siege,,,,,,,,,,,,,,,320680.03,1003557.28,2033095.36,5116916.82,5890432.3,6219503.04,144089293.81
Rainbow Six: Vegas,,,,,,176400.77,,,,,,,,,,,,,,,1234805.39
Rainbow Six: Vegas 2,,,,,,,64000.0,15000.0,,,,,,,,,,,,,553000.0
Realm Royale,,,,,,,,,,,,,,,,,263000.0,,,,1841000.0
Red Earth,,,,,,,,,,,,,,,,,,,,100.0,700.0
Red Stone,,,,,,,35000.0,23000.0,,,,,,,,,,,,,406000.0
Reflex,,,,,,,,,,,,,,1962.0,32.74,,163.66,,,299.97,17208.589999999997
Resistance 2,,,,,,,,50400.0,,,,,,,,,,,,,352800.0
Return to Castle Wolfenstein,67424.3,,,,,,,,,,,,,,,,,,,,471970.1
Rezzil Player,,,,,,,,,,,,,,,,,,,,5000.0,35000.0
Ring of Elysium,,,,,,,,,,,,,,,,,,70000.0,,,490000.0
Rise of Nations: Rise of Legends,,,,,,69600.0,,,,,,,,,,,,,,,487200.0
Rising Thunder,,,,,,,,,,,,,,1000.0,,,,,,,7000.0
Rivals of Aether,,,,,,,,,,,,,,,500.0,14100.0,,3435.0,20833.62,400.0,274880.33999999997
Rocket Arena,,,,,,,,,,,,,,,,,,,100000.0,,700000.0
Rocket League,,,,,,,,,,,,,,23976.56,437430.81,1520511.54,2394217.31,3105097.55,4005952.6,4988771.5,115331705.09000002
Rocket League Sideswipe,,,,,,,,,,,,,,,,,,,,2500.0,17500.0
Rogue Company,,,,,,,,,,,,,,,,,,,50000.0,,350000.0
Roof Rage,,,,,,,,,,,,,,,,,,,50.0,,350.0
Rushdown Revolt,,,,,,,,,,,,,,,,,,,850.0,3310.09,29120.63
S.K.I.L.L. - Special Force 2,,,,,,,,,,,,4054.33,35929.65,91548.95,,1000.0,,,,,927730.5099999998
S.T.A.L.K.E.R.: Shadow of Chernobyl,,,,,,4901.26,,,,,,,,,,,,,,,34308.82000000001
SLAYERS FOR HIRE,,,,,,,,,,,,,,,,,,,500.0,100.0,4200.0
SMITE,,,,,,,,,,,,43472.38,497909.6,3709088.73,1638242.04,1567900.0,1183500.0,,,610000.0,64750789.25
SNK Heroines: Tag Team Frenzy,,,,,,,,,,,,,,,,,430.0,,,,3010.0
Sailor Moon S,,,,,,,,,,,,,,,,,1646.06,1315.13,320.0,,22968.329999999998
Samurai Shodown (2019),,,,,,,,,,,,,,,,,,64499.91,13223.4,260.0,545883.1699999999
Samurai Shodown III,,,,,,,,,,,,,,,,,,,30.0,40.0,490.0
Samurai Shodown V Special,,,,,,,,,,,,,,,,,108.71,251.4,230.46,,4133.990000000001
Schwarzerblitz,,,,,,,,,,,,,,,,,,,100.0,100.0,1400.0
Sea of Thieves,,,,,,,,,,,,,,,,,,100000.0,,,700000.0
Sekiro: Shadows Die Twice,,,,,,,,,,,,,,,,,,19596.0,,,137172.0
Shadowrun,,,,,,24000.0,,,,,,,,,,,,,,,168000.0
Shadowverse,,,,,,,,,,,,,,,,120000.0,1310000.0,1761477.09,23700.0,2293296.2,38559313.03
Shards of War,,,,,,,,,,,,,,1029.21,,,,,,,7204.47
ShootMania Storm,,,,,,,,,,,100000.0,129658.37,15000.0,17028.67,,,,210.6,193.05,,1834634.8299999998
Shovel Knight Showdown,,,,,,,,,,,,,,,,,,60.0,,,420.0
Shrek SuperSlam,,,,,,,,,,,,,,,,,,,50.0,30.0,560.0
Skullgirls,,,,,,,,,,,,300.0,,,,,,,,,2100.0
Skullgirls 2nd Encore,,,,,,,,,,,,,,,1700.0,6010.0,2801.0,6110.0,1984.5,5057.52,165641.13999999998
Skullgirls Encore,,,,,,,,,,,,,0.0,3915.4,5240.0,,,,,,64087.8
Slap City,,,,,,,,,,,,,,,,,,,300.0,300.0,4200.0
Smash Remix,,,,,,,,,,,,,,,,,,,299.06,,2093.42
Soul Calibur II,,1500.0,2700.0,,,,,,,,,,,,,,,780.0,,,34860.0
Soul Calibur II HD Online,,,,,,,,,,,,,0.0,,,860.0,85.41,,,,6617.87
Soul Calibur IV,,,,,,,,,,260.0,,,,,,,,,,,1820.0
Soul Calibur V,,,,,,,,,,,57500.9,405.0,635.0,920.0,140.0,750.0,77.64,,,,422999.77999999997
Soul Calibur VI,,,,,,,,,,,,,,,,,9891.0,86074.21,27582.77,51503.1,1225357.5600000003
Special Force,,,,,,,,,85600.0,44650.0,,,,,,,,,,,911750.0
Speedrunners,,,,,,,,,,,,,,,,,,,50.0,100.0,1050.0
Spellbreak,,,,,,,,,,,,,,,,,,,50000.0,,350000.0
Splatoon,,,,,,,,,,,,,,770.0,620.0,,,,,,9730.0
Splatoon 2,,,,,,,,,,,,,,,,3425.0,5360.0,,1270.0,,70385.0
Splitgate: Arena Warfare,,,,,,,,,,,,,,,,,,50000.0,,,350000.0
Star Wars Jedi Knight II: Jedi Outcast,7679.25,,,,,,,,,,,,,,,,,,,,53754.75
Star Wars: Squadrons,,,,,,,,,,,,,,,,,,,800.0,,5600.0
StarCraft II,,,,,,,,,820839.29,3192864.09,4204561.62,3847464.26,3473756.9,3017759.24,3182918.35,3413355.85,4025580.65,3127002.59,2174712.96,1747152.05,253595774.94999996
StarCraft: Brood War,132944.26,276838.39,538071.31,592759.49,809030.24,1049963.19,1050526.45,708775.32,628499.64,423063.87,106816.29,109570.17,53601.35,153783.67,75767.76,146621.7,6613.98,,,,48042729.559999995
StarCraft: Remastered,,,,,,,,,,,,,,,,222441.24,430276.38,311596.26,250145.94,234832.2,10145044.139999999
Stardew Valley,,,,,,,,,,,,,,,,,,54250.0,,43600.0,684950.0
Street Fighter Alpha 2,,,,,,,,,,,,,,,,,680.0,800.0,,1114.69,18162.83
Street Fighter Alpha 3,,,,,,,,,,,,,0.0,,,,300.0,40.0,,,2380.0
Street Fighter EX2 Plus,,,,,,,,,,,,,,,,,160.0,190.0,,,2450.0
Street Fighter III: 3rd Strike,,0.0,0.0,0.0,10250.0,10250.0,2890.0,45.0,,240.0,15780.72,,0.0,1224.86,,2958.36,1950.0,3455.42,980.0,717.22,355191.06000000006
Street Fighter IV,,,,,,,,1602.72,3805.5,90.0,,2440.0,,,,,,,,,55567.54
Street Fighter V,,,,,,,,,,,,,,,885528.88,1317769.55,,15000.0,,,15528089.01
Street Fighter V: Arcade Edition,,,,,,,,,,,,,,,,1900.0,1399580.67,845119.16,20286.12,,15868201.649999999
Street Fighter V: Champion Edition,,,,,,,,,,,,,,,,,,,173410.22,495019.15,4679005.59
Street Fighter X Tekken,,,,,,,,,,,66015.64,15425.0,520.0,600.0,300.0,480.0,500.0,250.0,,,588634.48
Super Mario Party,,,,,,,,,,,,,,,,,220.0,,,,1540.0
Super Smash Bros.,,,,,,940.0,,100.0,180.0,330.0,400.0,2061.0,3073.0,11915.7,18200.77,13925.2,10747.76,4662.2,1547.18,750.0,481829.67
Super Smash Bros. Brawl,,,,,,,16751.87,48302.26,74805.2,28718.32,18424.46,18591.65,16629.31,9890.0,4500.54,3828.03,3613.19,2706.0,770.0,570.0,1736705.8100000003
Super Smash Bros. Melee,40.0,15550.0,10644.5,36072.46,144584.0,78733.31,22934.61,51999.99,31742.98,44594.21,30778.5,56927.3,168394.13,514706.42,674499.14,631757.73,365235.84,229730.22,157502.23,258784.14,24676481.970000003
Super Smash Bros. Ultimate,,,,,,,,,,,,,,,,,74587.45,1049770.97,310108.36,545343.67,13858673.149999997
Super Smash Bros. for Wii U,,,,,,,,,,,,,9521.65,274699.63,429999.07,515726.43,277984.69,5840.0,490.0,1190.0,10608160.290000001
Super Street Fighter II Turbo,0.0,0.0,0.0,0.0,,10250.0,1770.0,,,820.0,0.0,,0.0,328.69,1459.72,2760.0,2947.53,3146.51,590.0,250.0,170257.14999999997
Super Street Fighter II Turbo HD Remix,,,,,,,,0.0,160.0,0.0,16200.0,,,,,,,,,,114520.0
Super Street Fighter IV,,,,,,,,,28522.5,1706.8,,,,,,,,,,,211605.09999999998
Super Street Fighter IV Arcade Edition,,,,,,,,,,56552.09,117347.6,128929.37,39044.63,13712.98,,,,,,,2489106.69
Supreme Commander,,,,,,4901.26,,,,,,,,,,,,,,,34308.82000000001
Supreme Commander: Forged Alliance,,,,,,,1290.01,,,,,,,,,,,,,,9030.07
Synth Riders,,,,,,,,,,,,,,,,,,,1100.0,1000.0,14700.0
TEPPEN,,,,,,,,,,,,,,,,,,456721.47,48000.0,,3533050.289999999
Tatsunoko vs. Capcom: Ultimate All-Stars,,,,,,,,,300.81,,,,,,170.0,160.0,230.0,470.0,914.66,526.29,19402.319999999996
Team Fortress 2,,,,,,9182.0,59639.44,32478.48,44142.93,45490.44,40007.8,31664.98,72949.72,82721.87,78899.83,82893.73,92841.73,37432.94,11403.92,,5052248.669999999
Teamfight Tactics,,,,,,,,,,,,,,,,,,449284.65,370029.0,781554.0,11206073.55
Teenage Mutant Ninja Turtles: Tournament Fighters,,,,,,,,,,,,,,,,,,820.0,,,5740.0
Tekken 4,,12500.0,0.0,,,,,,,,,,,,,,,,,,87500.0
Tekken 5,,,,0.0,10250.0,,,,,,,,,,,,,,,,71750.0
Tekken 5: Dark Resurrection,,,,,,10250.0,1720.0,,,,,,,,,,,210.0,,,85260.0
Tekken 6,,,,,,,,,76418.69,38914.17,4541.78,,,,,,,,,,839122.48
Tekken 7,,,,,,,,,,,,,,97214.27,78599.54,328181.63,339255.91,769730.43,156917.56,135421.54,13337246.160000002
Tekken Tag Tournament,,0.0,0.0,0.0,,,,,,,,,,,,,,,,,0.0
Tekken Tag Tournament 2,,,,,,,,,,,66720.0,24225.86,27583.4,4606.44,2520.0,520.0,,,,,883229.8999999999
Tetr.io,,,,,,,,,,,,,,,,,,,2992.61,2295.27,37015.16
Tetris,,,,,,,,,,,,,,1000.0,1500.0,1500.0,1500.0,10000.0,10926.38,16089.61,297611.93
Tetris Effect: Connected,,,,,,,,,,,,,,,,,,,,1934.91,13544.37
Tetris Ultimate,,,,,,,,,,,,,,,,221.0,,,,,1547.0
The Binding of Isaac,,,,,,,,,,,,,,,,,,,,15000.0,105000.0
The Division 2,,,,,,,,,,,,,,,,,,27250.0,,,190750.0
The Elder Scrolls: Legends,,,,,,,,,,,,,,,,5000.0,,,,,35000.0
The Last Blade 2,,,,,,,,,,,,,,,,,,,20.0,40.0,420.0
Them's Fightin' Herds,,,,,,,,,,,,,,,,,,190.0,390.0,3998.19,32047.33000000001
Toribash,,,,,,,,,,,,,,,,,,,,100.0,700.0
Tough Love Arena,,,,,,,,,,,,,,,,,,,,100.0,700.0
Touhou Hisoutensoku ~ Choudokyuu Ginyoru no Nazo o Oe,,,,,,,,,,,,,,,,,,,1819.61,2681.91,31510.64
TrackMania 2: Canyon,,,,,,,,,,4673.38,13237.04,1427.78,1194.24,540.66,,318.36,369.6,337.68,,,154691.17999999996
TrackMania 2: Stadium,,,,,,,,,,,,12008.29,16414.15,24265.77,12386.52,13217.87,26329.28,55760.3,40262.69,,1404514.0899999999
TrackMania Nations,,,,,72000.0,21381.66,,,,,,,,,,,,,,,653671.6200000001
TrackMania Nations Forever,,,,,,,30946.31,35765.59,44166.39,36283.56,18051.32,1881.98,,,,,235.2,,56.3,,1171706.55
Trackmania (2020),,,,,,,,,,,,,,,,,,,59918.61,114314.99,1219635.2
Trackmania 2: Valley,,,,,,,,,,,,238.68,,540.66,,,,,,,5455.38
Trackmania Turbo,,,,,,,,,,,,,,,566.91,,,,112.5,,4755.87
Trackmania United,,,,,,1027.5,,,,,,,,,,,,,,,7192.5
Turbo Racing League,,,,,,,,,,,,1000000.0,,,,,,,,,7000000.0
Twinkle Star Sprites,,,,,,,,,,,,,,,,,,,100.0,50.0,1050.0
UNO,,,,,,,,,,,,,,,,,,,20000.0,10000.0,210000.0
Ultimate Marvel vs. Capcom 3,,,,,,,,,,45.0,4696.23,37763.67,17570.01,21643.72,18501.06,13295.0,1160.0,1778.47,20297.93,7876.36,1012392.1499999998
Ultimate Mortal Kombat 3,,,,,,,,,,0.0,,,,150.0,,,,,,,1050.0
Ultra Fight Da! Kyanta 2,,,,,,,,,,,,,,,,,,320.0,,,2240.0
Ultra Street Fighter IV,,,,,,,,,,,,,162631.79,642578.64,8546.61,820.0,680.81,1705.61,40.0,250.0,5720774.220000001
Umineko: Golden Fantasia,,,,,,,,,,,,,,,,,,90.0,50.0,50.0,1330.0
Uncharted 4: A Thief's End,,,,,,,,,,,,,,,46235.07,,,,,,323645.49
Under Night In-Birth EXE: Late,,,,,,,,,,,,,320.0,1695.76,3050.0,960.0,,,,,42180.32000000001
Under Night In-Birth EXE: Late[st],,,,,,,,,,,,,,,,4290.0,11646.27,32610.17,6036.89,,382083.31000000006
Under Night In-Birth Exe:Late[cl-r],,,,,,,,,,,,,,,,,,,1108.0,3513.13,32347.910000000003
Unreal Tournament,43000.0,,,,,,,,,,,,,,,,,,,,301000.0
Unreal Tournament (2016),,,,,,,,,,,,,,314.63,1071.42,,,,3698.92,,35594.79
Unreal Tournament 2003,34000.0,111773.91,,,,,1700.0,,,,,,,,,,,,,,1032317.3700000001
Unreal Tournament 2004,,,106512.41,27456.92,,,,,,,,,,,,,,,,,937785.3100000003
Unreal Tournament 3,,,,,,,104812.82,,,,,165.0,,,,,,,,,734844.7400000002
VALORANT,,,,,,,,,,,,,,,,,,,2417593.4,6557476.53,62825489.51
Vainglory,,,,,,,,,,,,,,193392.54,424628.65,179400.0,,,,,5581948.330000001
Vampire Savior,,,,,,,,,,,,,,,918.74,2030.0,2170.0,2680.0,1667.21,,66261.65
Virtua Fighter 4: Evolution,,0.0,0.0,,,,,,,,,,,,,,,,,,0.0
Virtua Fighter 5,,,,,,10250.0,17500.0,12000.0,,,,,,,,,,80.0,,,278810.0
Virtua Fighter 5 Final Showdown,,,,,,,,,,,,,0.0,145.23,268.54,,,160.0,,,4016.39
Virtua Fighter 5: Ultimate Showdown,,,,,,,,,,,,,,,,,,1000.0,,1870.0,20090.0
Void Racer,,,,,,,,,,,,,,,,,,,,460.0,3220.0
WWE 2K20,,,,,,,,,,,,,,,,,,50000.0,,,350000.0
WarCraft III,74740.65,248436.18,455143.36,480680.28,568917.15,870166.24,704237.38,387351.0,362767.85,149527.55,81561.64,66904.83,215181.8,219597.87,419963.19,242279.2,176129.87,392576.52,72425.8,,43320118.52
WarCraft III: Reforged,,,,,,,,,,,,,,,,,,,565677.04,563133.76,7901675.6
Warface,,,,,,,,,,,,,,,,,109555.0,,,,766885.0
"Warhammer 40,000: Dawn of War",,,,35000.0,43000.0,,,,1816.5,,,,,,,,,,,,558715.5
Warparty,,,,,,,,,,,,,,,,,,1000.0,175.0,,8225.0
Warsow,,,,,,,,,,,,,,,,,183.0,,,,1281.0
Windjammers,,,,,,,,,,,,,,,,780.0,665.41,2466.75,1040.0,699.31,39560.29
Wise Star 2,,,,,,,,12000.0,,,,,,,,,,,,,84000.0
Wolfenstein: Enemy Territory,,,,50000.0,36350.2,19156.88,12014.88,6637.46,6811.76,86.37,,,,2107.3,,4493.3,,3305.09,,,986742.6799999999
World in Conflict,,,,,,65227.5,228110.73,,,,,,,,,,,,,,2053367.6099999999
World of Tanks,,,,,,,,,,18503.12,123502.27,429000.0,892436.68,1203054.52,482000.0,825000.0,,,,15000.0,27919476.130000003
World of Tanks Blitz,,,,,,,,,,,,,,,,30000.0,33330.0,,,,443310.0
World of WarCraft,,,,,,220400.0,557300.0,359438.91,291250.0,192000.0,228000.0,189000.0,410000.0,470948.7,453000.0,749000.0,740000.0,686000.0,500000.0,930000.0,48834363.27
Xonotic,,,,,,,,,,,,,315.73,,1283.15,249.81,277.75,22.82,3340.39,8915.36,100835.06999999999
Yu-Gi-Oh! Duel Links,,,,,,,,,,,,,,,,13354.44,35372.28,20.0,,,341227.04000000004
Zula,,,,,,,,,,,,,,,,,100000.0,,,,700000.0
Zwift,,,,,,,,,,,,,,,,,,,33827.08,,236789.56000000006
chess24,,,,,,,,,,,,,,,,,,,1184696.09,1520929.34,18939378.01
iRacing.com,,,,,,,,,28000.0,48900.0,32500.0,32000.0,30500.0,39694.67,47319.88,50889.99,143340.3,399642.94,684078.65,905074.0,17093583.01
osu!,,,,,,,,,,,,,,5000.0,8120.0,13055.0,11837.0,18447.02,13982.67,43566.9,798060.1299999999
rFactor,,,,,,,,,1117.35,4724.49,4645.73,4595.99,,,,,,,,,105584.92
rFactor 2,,,,,,,,,,,,,3545.13,4135.99,4723.91,1004694.66,7385.26,95118.59,184440.95,233012.82,10759401.170000002
